Name,P,N
Testing,71.42857143,28.57142857
testing,66.66666667,33.33333333
pamodha,80,20
pamodha,0.0,0.0
pamodha,100.0,0.0
shehani,50.0,50.0
yashoda,75.0,25.0
sureka,75.0,25.0
upeka,100.0,0.0
reeni,75.0,25.0
reeni,71.42857142857143,28.571428571428573
hiruni,40.0,60.0
Deshani,75.0,25.0
jay shetty,100.0,0.0
